question,answer
"Why is my screen black?","This issue might be due to a loose connection, a dead battery, or a faulty screen. Check the connections and try restarting your device."
"Why is my laptop overheating?","Overheating can be caused by dust in the cooling system, running too many applications, or a failing fan. Clean the vents and ensure proper airflow."
"Why does my computer keep restarting?","This issue might be due to overheating, hardware failure, or a virus. Check the cooling system, run a virus scan, and check for hardware issues."
"How to fix a noisy fan?","A noisy fan might be due to dust accumulation or a failing fan. Clean the fan and check if it needs to be replaced."
"Why is my hard drive making clicking noises?","Clicking noises from a hard drive often indicate a mechanical failure. Backup your data immediately and consider replacing the hard drive."
"Why is my keyboard not responding?","Ensure the keyboard is properly connected. Try plugging it into a different USB port or restarting your computer. If it’s a wireless keyboard, check the batteries."
"Why is my printer not printing?","Check if the printer is properly connected and turned on. Ensure there is enough paper and ink. Run the printer's troubleshooting tool and check for driver updates."
"How do I fix a slow computer?","A slow computer can be caused by too many running programs, insufficient memory, or a fragmented hard drive. Close unnecessary programs, increase RAM, and run a disk cleanup and defragmenter."
"Why is my Wi-Fi not working?","Check if the Wi-Fi is enabled on your device. Restart your router and modem. Ensure you are within range and not experiencing interference from other devices."
"Why won't my computer turn on?","Ensure the power cable is properly connected and the power outlet is working. Try pressing the power button for a few seconds. If it still won't turn on, there may be an issue with the power supply or internal components."
"How to reset my router?","Unplug the router, wait for 30 seconds, and then plug it back in. Alternatively, use the reset button usually found at the back of the router."
"What to do if my computer has no sound?","Check the volume settings and ensure the speakers are connected properly. Update the sound drivers and ensure the correct playback device is selected."
"Why is my mouse not working?","Ensure the mouse is properly connected. Try using it in a different USB port or on a different surface. If it’s a wireless mouse, check the batteries."
"How do I fix a blue screen error?","A blue screen error can be caused by hardware or software issues. Restart your computer, update drivers, and run a system diagnostic. Check for any recent hardware changes."
"Why is my monitor flickering?","Monitor flickering can be caused by loose cables, outdated drivers, or incorrect refresh rate settings. Check the connections, update the drivers, and adjust the refresh rate settings."
"Why does my laptop battery drain quickly?","A battery may drain quickly due to high screen brightness, running multiple applications, or an old battery. Reduce the brightness, close unnecessary applications, and consider replacing the battery."
"How to recover data from a failing hard drive?","Use data recovery software or contact a professional data recovery service. Avoid using the drive to prevent further damage."
"Why is my USB device not recognized?","Ensure the USB device is properly connected and try a different port. Update the USB drivers and check for any hardware issues."
"How to clean my computer screen?","Use a microfiber cloth and a screen-cleaning solution. Avoid using harsh chemicals and spraying directly onto the screen."
"Why is my GPU overheating?","Ensure proper ventilation and clean any dust from the GPU. Check the fans and consider reapplying thermal paste."
